{
  "1": 0.76682,
  "2": 0.77778,
  "3": 0.78889,
  "4": 0.65217,
  "5": 1.0,
  "6": 0.0,
  "total": 0.7401
}