{
  "1": 1.0,
  "2": 0.94444,
  "3": 1.0,
  "4": 0.81159,
  "5": 1.0,
  "6": 0.0,
  "total": 0.89857
}