{
  "1": 0.06726,
  "2": 0.0,
  "3": 0.0,
  "4": 0.0,
  "5": 0.01042,
  "6": 0.0,
  "total": 0.02536
}