{
  "1": 0.83408,
  "2": 0.91667,
  "3": 0.86667,
  "4": 0.65217,
  "5": 1.0,
  "6": 0.0,
  "total": 0.79873
}