{
  "1": 0.00645,
  "2": 0.0,
  "3": 0.01333,
  "4": 0.0,
  "5": 0.00794,
  "6": 0.02222,
  "total": 0.00624
}