{
  "1": 0.11211,
  "2": 0.0,
  "3": 0.0,
  "4": 0.0,
  "5": 0.16667,
  "6": 0.0,
  "total": 0.06498
}