{
  "1": 0.57848,
  "2": 0.23148,
  "3": 0.2,
  "4": 0.26087,
  "5": 0.41667,
  "6": 0.0,
  "total": 0.3645
}