{
  "1": 0.32735,
  "2": 0.23148,
  "3": 0.0,
  "4": 0.04348,
  "5": 0.21875,
  "6": 0.0,
  "total": 0.19334
}