{
  "1": 0.44843,
  "2": 0.23148,
  "3": 0.2,
  "4": 0.04348,
  "5": 0.21875,
  "6": 0.0,
  "total": 0.26466
}