{
  "1": 0.9417,
  "2": 0.91667,
  "3": 1.0,
  "4": 0.72464,
  "5": 1.0,
  "6": 0.0,
  "total": 0.86371
}