{
  "1": 0.01786,
  "2": 0.0,
  "3": 0.0,
  "4": 0.01449,
  "5": 0.0,
  "6": 0.0,
  "total": 0.00792
}