{
  "1": 0.00645,
  "2": 0.0,
  "3": 0.00962,
  "4": 0.0,
  "5": 0.01176,
  "6": 0.02222,
  "total": 0.00624
}