{
  "1": 0.73543,
  "2": 0.77778,
  "3": 0.62222,
  "4": 0.52174,
  "5": 0.72917,
  "6": 0.0,
  "total": 0.64976
}