{
  "1": 0.63229,
  "2": 0.42593,
  "3": 0.43333,
  "4": 0.26087,
  "5": 0.41667,
  "6": 0.0,
  "total": 0.45008
}