{
  "1": 0.86547,
  "2": 0.91667,
  "3": 1.0,
  "4": 0.65217,
  "5": 1.0,
  "6": 0.0,
  "total": 0.82884
}