{
  "1": 0.95067,
  "2": 0.93519,
  "3": 1.0,
  "4": 0.76812,
  "5": 1.0,
  "6": 0.0,
  "total": 0.8748
}