{
  "1": 0.01053,
  "2": 0.0,
  "3": 0.0,
  "4": 0.0,
  "5": 0.0,
  "6": 0.02222,
  "total": 0.0078
}