{
  "1": 0.73543,
  "2": 0.77778,
  "3": 0.62222,
  "4": 0.26087,
  "5": 0.5625,
  "6": 0.0,
  "total": 0.59588
}