{
  "1": 0.76682,
  "2": 0.77778,
  "3": 0.62222,
  "4": 0.52174,
  "5": 0.83333,
  "6": 0.0,
  "total": 0.6767
}